0,PRESTON,GIBBONS,0426308600
1,ABBEIGH,SWARTZ,0280882236
2,SHAUNA,BRADFORD,7745403381
3,CAYLA,CARAVEO,3397764192
4,LUCAS,SMART,1661455270
5,CODIE,SPEER,2393145895
6,RYLEE,JACKSON,1374533447
7,BONITA,NORMAN,0731260271
8,SYLVIA,BORDER,2489501821
9,JACQUELYN,EICKLEBERRY,0248043732
10,CURT,BOLLINGER,5514861510
11,CHARLIE,VAN HORN,4587693933
12,SAM,GIFFORD,3766455262
13,KENDALL,JEWELL,6137650770
14,TRENA,CANTERBURY,8583956953
15,KELYNN,LOWE,9590402028
16,JACOB,SCHELL,6699675003
17,B.J.,AMSPAUGH,8770500322
18,SALLY,WAINWRIGHT,6402962051
19,TIM,BARCLAY,6610465514
20,DEJA,POTTS,1603545946
21,CLARENCE,STOUT,5008383664
22,WESTON,LYNN,7912578873
23,SCOTT,RICHMOND,0533160997
24,CLARA,NOLAND,1417507749
25,WIMPY,HOOVER,9656166579
26,KARSEN,CULP,0343908241
27,JAREECE,PINGLE,6686718421
28,LONA,MOCK,9856360766
29,LUKE,HOEY,7341027506
30,OLIVIA,BEACH,0151864102
31,DONALD,LUU,7020298709
32,DAN,ANGLER,0966722130
33,G.NIKITA,MARTIN,2114859293
34,EVE,MCKIM,6657286192
35,ANTHONEE,MOLL,7439167286
36,J.A.,MORRIS,0344172012
37,DANA,GRANT,1163661032
38,SONYA,MAHON,1750186747
39,DENNIS,DALRYMPLE,1802092446
40,TONIA,FOWLKES,2583243736
41,JESSIE,HARDY,6147465185
42,CRYSTAL,REINSTETTLE,1920408635
43,SUE,WOLSINGER,1972089873
44,ELIJAH,TERRELL,3056440431
45,CHAZ,STEMM,1772450456
46,BELINDA,SPINKS,5946520363
47,TONDALIA,BECKSTEIN,4389133233
48,MEGANN,MANACRE,2790814790
49,DONTAE,SEELEY,3085542957
50,PEARL,DEITENBECK,1661137655
51,WIMPY,WILLIAMS,3218725621
52,TORY,ACHESON,2021329200
53,NICKOLETT,WAHL,4777204694
54,AMBER,TERRILL,4604035840
55,GERALD,WAYNE,3006002066
56,LEISA,LAZAR,2194355563
57,KELLIE,MAUTZ,0177845164
58,JAEDA,MCCUTCHEON,8484633919
59,ARIANE,TAILLON,9143436788
60,SONYA,DUVALL,1368610637
61,JIM,CAIN,6065646315
62,SHAKEAL,PEUGH,5335358581
63,EVEADA,METZ,0802093368
64,KEISTA,ORWIG,0809848935
65,BARBARA,MCMILLION,6574984873
66,MARRKYS,BOUDINOT,2898951104
67,YVETTE,SPENCER,6661355767
68,JANELLE,UPHOLD,9106467036
69,SALLY,HEDDELSON,4224863125
70,AARON,TUCKER,3483288511
71,TIARA,STRANGE,4144365415
72,MARY ANN,BRYDON,8684306019
73,CYNTHIA,VARNER,4633348829
74,MARKIKA,SHAFER,6070387364
75,JAELYN,FEY,9629429324
76,DEANNE,MORGAN,0585441284
77,VIRGIL,CHANEY,2909304957
78,CORRIE,FINAN,7884637916
79,TOMMY,WOLFORD,3385279295
80,LORA,PECK,5874971825
81,DORIAN,LACY,9941853765
82,TASHA,MOSSBURG,8833638288
83,LAVELL,MCKIM,6718503068
84,ANDREW,MCCALL,2922722742
85,DWAYNE,RICE,6372261692
86,ROSY,WICKHAM,5322635642
87,KATEY,QUINLAN,1115015288
88,RILEY,WILLISON,8368405648
89,DARIAN,FLEMING,5933500125
90,CHARITY,HEWETT,3411335092
91,BENDENA,HALLOWELL,1004794306
92,KENNY,CRAIN,6340729663
93,JERALD,WOODRUM,3116628740
94,ALISHA,ULRY,6386777308
95,BRANNON,HOPPER,8241670418
96,PAULA,KLAGES,3266381175
97,DERRIANNE,DOLEN,9104648841
98,SHELIA,PINGLE,3594849386
99,ADEL,MAST,2794329960
